[
  {
    "model": "cities.city",
    "pk": 2,
    "fields": {
      "name": "Бухарест"
    }
  },
  {
    "model": "cities.city",
    "pk": 3,
    "fields": {
      "name": "Хабаровск"
    }
  },
  {
    "model": "cities.city",
    "pk": 5,
    "fields": {
      "name": "Гродно"
    }
  },
  {
    "model": "cities.city",
    "pk": 7,
    "fields": {
      "name": "Минск"
    }
  },
  {
    "model": "cities.city",
    "pk": 9,
    "fields": {
      "name": "Варшава"
    }
  },
  {
    "model": "cities.city",
    "pk": 10,
    "fields": {
      "name": "Лондон"
    }
  },
  {
    "model": "cities.city",
    "pk": 11,
    "fields": {
      "name": "Вашингтон"
    }
  },
  {
    "model": "cities.city",
    "pk": 13,
    "fields": {
      "name": "Сидней"
    }
  },
  {
    "model": "cities.city",
    "pk": 16,
    "fields": {
      "name": "Токио"
    }
  },
  {
    "model": "cities.city",
    "pk": 17,
    "fields": {
      "name": "Мадрид"
    }
  },
  {
    "model": "cities.city",
    "pk": 18,
    "fields": {
      "name": "Москва"
    }
  },
  {
    "model": "cities.city",
    "pk": 19,
    "fields": {
      "name": "Ливерпуль"
    }
  },
  {
    "model": "cities.city",
    "pk": 20,
    "fields": {
      "name": "Париж"
    }
  },
  {
    "model": "cities.city",
    "pk": 21,
    "fields": {
      "name": "Гамбург"
    }
  },
  {
    "model": "cities.city",
    "pk": 22,
    "fields": {
      "name": "Берлин"
    }
  },
  {
    "model": "cities.city",
    "pk": 23,
    "fields": {
      "name": "Афины"
    }
  },
  {
    "model": "cities.city",
    "pk": 24,
    "fields": {
      "name": "Амстердам"
    }
  },
  {
    "model": "cities.city",
    "pk": 25,
    "fields": {
      "name": "Рим"
    }
  },
  {
    "model": "cities.city",
    "pk": 26,
    "fields": {
      "name": "Лиссабон"
    }
  },
  {
    "model": "cities.city",
    "pk": 27,
    "fields": {
      "name": "Рига"
    }
  },
  {
    "model": "cities.city",
    "pk": 28,
    "fields": {
      "name": "Белосток"
    }
  },
  {
    "model": "cities.city",
    "pk": 29,
    "fields": {
      "name": "Киев"
    }
  },
  {
    "model": "cities.city",
    "pk": 30,
    "fields": {
      "name": "Харьков"
    }
  },
  {
    "model": "cities.city",
    "pk": 31,
    "fields": {
      "name": "Вильнюс"
    }
  },
  {
    "model": "cities.city",
    "pk": 32,
    "fields": {
      "name": "Калининград"
    }
  },
  {
    "model": "cities.city",
    "pk": 33,
    "fields": {
      "name": "Дрезден"
    }
  },
  {
    "model": "cities.city",
    "pk": 34,
    "fields": {
      "name": "Прага"
    }
  },
  {
    "model": "cities.city",
    "pk": 35,
    "fields": {
      "name": "Будапешт"
    }
  },
  {
    "model": "cities.city",
    "pk": 36,
    "fields": {
      "name": "Милан"
    }
  },
  {
    "model": "cities.city",
    "pk": 37,
    "fields": {
      "name": "Мюнхен"
    }
  },
  {
    "model": "cities.city",
    "pk": 38,
    "fields": {
      "name": "Женева"
    }
  },
  {
    "model": "cities.city",
    "pk": 39,
    "fields": {
      "name": "Неаполь"
    }
  },
  {
    "model": "cities.city",
    "pk": 40,
    "fields": {
      "name": "Санкт-Петербург"
    }
  },
  {
    "model": "cities.city",
    "pk": 41,
    "fields": {
      "name": "Таллин"
    }
  },
  {
    "model": "cities.city",
    "pk": 42,
    "fields": {
      "name": "Люблин"
    }
  },
  {
    "model": "cities.city",
    "pk": 43,
    "fields": {
      "name": "Краков"
    }
  },
  {
    "model": "cities.city",
    "pk": 44,
    "fields": {
      "name": "Вена"
    }
  },
  {
    "model": "cities.city",
    "pk": 45,
    "fields": {
      "name": "Копенгаген"
    }
  },
  {
    "model": "cities.city",
    "pk": 46,
    "fields": {
      "name": "Барселона"
    }
  },
  {
    "model": "cities.city",
    "pk": 47,
    "fields": {
      "name": "Лион"
    }
  },
  {
    "model": "cities.city",
    "pk": 48,
    "fields": {
      "name": "Брест"
    }
  },
  {
    "model": "cities.city",
    "pk": 49,
    "fields": {
      "name": "Гомель"
    }
  },
  {
    "model": "cities.city",
    "pk": 50,
    "fields": {
      "name": "Уфа"
    }
  },
  {
    "model": "cities.city",
    "pk": 51,
    "fields": {
      "name": "Витебск"
    }
  },
  {
    "model": "cities.city",
    "pk": 52,
    "fields": {
      "name": "Монреаль"
    }
  },
  {
    "model": "cities.city",
    "pk": 53,
    "fields": {
      "name": "Венеция"
    }
  },
  {
    "model": "routes.route",
    "pk": 1,
    "fields": {
      "name": "1",
      "travel_time": 2365,
      "from_city": 7,
      "to_city": 36,
      "trains": [
        16,
        14,
        18
      ]
    }
  },
  {
    "model": "routes.route",
    "pk": 2,
    "fields": {
      "name": "qwerty",
      "travel_time": 766,
      "from_city": 5,
      "to_city": 7,
      "trains": []
    }
  },
  {
    "model": "routes.route",
    "pk": 3,
    "fields": {
      "name": "k",
      "travel_time": 766,
      "from_city": 5,
      "to_city": 7,
      "trains": []
    }
  },
  {
    "model": "routes.route",
    "pk": 4,
    "fields": {
      "name": "a",
      "travel_time": 766,
      "from_city": 5,
      "to_city": 7,
      "trains": []
    }
  },
  {
    "model": "trains.train",
    "pk": 1,
    "fields": {
      "name": "А-152",
      "from_city": 7,
      "to_city": 2,
      "travel_time": 2110
    }
  },
  {
    "model": "trains.train",
    "pk": 2,
    "fields": {
      "name": "B-29C",
      "from_city": 5,
      "to_city": 9,
      "travel_time": 243
    }
  },
  {
    "model": "trains.train",
    "pk": 3,
    "fields": {
      "name": "B-356",
      "from_city": 18,
      "to_city": 3,
      "travel_time": 7939
    }
  },
  {
    "model": "trains.train",
    "pk": 9,
    "fields": {
      "name": "W-78F",
      "from_city": 17,
      "to_city": 18,
      "travel_time": 4589
    }
  },
  {
    "model": "trains.train",
    "pk": 10,
    "fields": {
      "name": "A-78",
      "from_city": 5,
      "to_city": 7,
      "travel_time": 300
    }
  },
  {
    "model": "trains.train",
    "pk": 11,
    "fields": {
      "name": "E-478",
      "from_city": 10,
      "to_city": 19,
      "travel_time": 1205
    }
  },
  {
    "model": "trains.train",
    "pk": 12,
    "fields": {
      "name": "B-56C",
      "from_city": 20,
      "to_city": 18,
      "travel_time": 1523
    }
  },
  {
    "model": "trains.train",
    "pk": 13,
    "fields": {
      "name": "R-12A",
      "from_city": 18,
      "to_city": 2,
      "travel_time": 956
    }
  },
  {
    "model": "trains.train",
    "pk": 14,
    "fields": {
      "name": "C-156",
      "from_city": 18,
      "to_city": 17,
      "travel_time": 1003
    }
  },
  {
    "model": "trains.train",
    "pk": 15,
    "fields": {
      "name": "Н-147",
      "from_city": 29,
      "to_city": 20,
      "travel_time": 2056
    }
  },
  {
    "model": "trains.train",
    "pk": 16,
    "fields": {
      "name": "Н-105",
      "from_city": 29,
      "to_city": 47,
      "travel_time": 1956
    }
  },
  {
    "model": "trains.train",
    "pk": 17,
    "fields": {
      "name": "V-653",
      "from_city": 23,
      "to_city": 45,
      "travel_time": 2563
    }
  },
  {
    "model": "trains.train",
    "pk": 18,
    "fields": {
      "name": "H-198",
      "from_city": 30,
      "to_city": 26,
      "travel_time": 3015
    }
  },
  {
    "model": "trains.train",
    "pk": 19,
    "fields": {
      "name": "Y-23D",
      "from_city": 46,
      "to_city": 28,
      "travel_time": 2904
    }
  },
  {
    "model": "trains.train",
    "pk": 20,
    "fields": {
      "name": "G-560M",
      "from_city": 22,
      "to_city": 40,
      "travel_time": 2132
    }
  },
  {
    "model": "trains.train",
    "pk": 21,
    "fields": {
      "name": "A-236",
      "from_city": 34,
      "to_city": 35,
      "travel_time": 637
    }
  },
  {
    "model": "trains.train",
    "pk": 22,
    "fields": {
      "name": "P-123",
      "from_city": 42,
      "to_city": 21,
      "travel_time": 956
    }
  },
  {
    "model": "trains.train",
    "pk": 23,
    "fields": {
      "name": "P-125C",
      "from_city": 28,
      "to_city": 37,
      "travel_time": 963
    }
  },
  {
    "model": "trains.train",
    "pk": 24,
    "fields": {
      "name": "L-98",
      "from_city": 27,
      "to_city": 25,
      "travel_time": 2878
    }
  },
  {
    "model": "trains.train",
    "pk": 25,
    "fields": {
      "name": "L-103",
      "from_city": 26,
      "to_city": 7,
      "travel_time": 3608
    }
  },
  {
    "model": "trains.train",
    "pk": 26,
    "fields": {
      "name": "B-99B",
      "from_city": 48,
      "to_city": 38,
      "travel_time": 1560
    }
  },
  {
    "model": "trains.train",
    "pk": 27,
    "fields": {
      "name": "R-123",
      "from_city": 50,
      "to_city": 40,
      "travel_time": 3956
    }
  },
  {
    "model": "trains.train",
    "pk": 28,
    "fields": {
      "name": "F-129",
      "from_city": 47,
      "to_city": 2,
      "travel_time": 2635
    }
  },
  {
    "model": "trains.train",
    "pk": 29,
    "fields": {
      "name": "P-15",
      "from_city": 9,
      "to_city": 7,
      "travel_time": 523
    }
  },
  {
    "model": "trains.train",
    "pk": 31,
    "fields": {
      "name": "B-89",
      "from_city": 5,
      "to_city": 29,
      "travel_time": 1038
    }
  },
  {
    "model": "trains.train",
    "pk": 32,
    "fields": {
      "name": "U-456",
      "from_city": 29,
      "to_city": 7,
      "travel_time": 689
    }
  }
]